module	count	cui_path
YJKS_8_0_0	0	\UserYasdScreenMenu.CUI
YJKS_8_0_0	0	\YasdScreenMenu.CUI
_MAIN	2708	\YJK.CUI
BJHeat	2067	\BJHeat\YJK.CUI
Bracket2D	2235	\Bracket2D\YJK.CUI
CommunicationTower	2034	\CommunicationTower\YJK.CUI
DPMSS	1952	\DPMSS\YJK.CUI
DYFD	2599	\DYFD\YJK.CUI
FrameWork2D	2235	\FrameWork2D\YJK.CUI
GreenHouse	2458	\GreenHouse\YJK.CUI
HPortalFrame2D	2242	\HPortalFrame2D\YJK.CUI
JKZH	2101	\JKZH\YJK.CUI
PEF	2042	\PEF\YJK.CUI
Pool	2669	\Pool\YJK.CUI
PortalFrame2D	2238	\PortalFrame2D\YJK.CUI
PSFD	2636	\PSFD\YJK.CUI
SHKB	2349	\SHKB\YJK.CUI
SILO	2649	\SILO\YJK.CUI
SOLID	2599	\SOLID\YJK.CUI
SSDS	2087	\SSDS\YJK.CUI
STF	2015	\STF\YJK.CUI
Subway	2057	\Subway\YJK.CUI
TrussBeam2D	2235	\TrussBeam2D\YJK.CUI
TunnelAndChannel2D	2166	\TunnelAndChannel2D\YJK.CUI
WJWQ	2427	\WJWQ\YJK.CUI
WTF	2034	\WTF\YJK.CUI
Y-Tools	2304	\Y-Tools\YJK.CUI
YJK3DTo2D	2245	\YJK3DTo2D\YJK.CUI
YJKENG_EN	2439	\YJKENG\YJK_EN.CUI
YJKENG_HK	2658	\YJKENG_HK\YJK.CUI
YJKENG_HK_EN	2406	\YJKENG_HK\YJK_EN.CUI
YJKHDMG	2356	\YJKHDMG\YJK.CUI
YJKMG	2315	\YJKMG\YJK.CUI
YPaco	2569	\YPaco\YJK.CUI
YXTGJ	2260	\YXTGJ\YJK.CUI
ZPSSH	2088	\ZPSSH\YJK.CUI